performance_status,current,dpd_30,dpd_60,dpd_90,default
current,0.9921452344931921,0.005506807866868382,0.00047201210287443267,0.000907715582450832,0.0009682299546142209
dpd_30,0.17513134851138354,0.20490367775831875,0.4798598949211909,0.1138353765323993,0.02626970227670753
dpd_60,0.1802030456852792,0.06091370558375635,0.19035532994923857,0.35786802030456855,0.21065989847715735
dpd_90,0.12612612612612611,0.0,0.07507507507507508,0.2222222222222222,0.5765765765765766
default,0.0,0.0,0.0,0.0,1.0
